"","SchoolYear","NCESSchoolID","StudentID","ReadingScoreCode","ReadingScaleScore","ReadingProficiencyRating","WritingScoreCode","WritingScaleScore","WritingProficiencyRating","ListeningScoreCode","ListeningScaleScore","ListeningProficiencyRating","SpeakingScoreCode","SpeakingScaleScore","SpeakingProficiencyRating","CompositeScore","CompositeRating","YearlyProgressIndicator"
"1","2023-2024","108807108","108230785","S",2,"Int","S",2,"Int","S",1,"Beg","S",1,"Beg",1.5,2," "
"2","2023-2024","108807108","108075350","S",2,"Int","S",2,"Int","S",2,"Int","S",1,"Beg",1.8,2,"0"
"3","2023-2024","108807108","108075497","S",2,"Int","S",2,"Int","S",2,"Int","S",3,"Adv",2.3,2,"0"
"4","2023-2024","108807108","108121637","S",3,"Adv","S",2,"Int","S",2,"Int","S",2,"Int",2.3,2,"0"
"5","2023-2024","108807108","108101837","S",4,"AdH","S",2,"Int","S",4,"AdH","S",2,"Int",3,3,"1"
"6","2023-2024","108807108","108195508","S",2,"Int","S",1,"Beg","S",1,"Beg","S",1,"Beg",1.3,1,"0"
"7","2023-2024","108807108","108179113","S",3,"Adv","S",2,"Int","S",2,"Int","S",2,"Int",2.3,2,"1"
"8","2023-2024","108807108","108082116","S",3,"Adv","S",3,"Adv","S",4,"AdH","S",1,"Beg",2.8,2,"1"
"9","2023-2024","108807108","108075519","S",3,"Adv","S",2,"Int","S",3,"Adv","S",2,"Int",2.5,3,"0"
"10","2023-2024","108807108","108230804","S",1,"Beg","S",2,"Int","S",1,"Beg","S",1,"Beg",1.3,1," "
"11","2023-2024","108807108","108075516","S",3,"Adv","S",3,"Adv","S",2,"Int","S",1,"Beg",2.3,2,"0"
"12","2023-2024","108807108","108075576","S",2,"Int","S",1,"Beg","S",1,"Beg","S",2,"Int",1.5,2,"1"
"13","2023-2024","108807108","108086660","S",3,"Adv","S",3,"Adv","S",2,"Int","S",3,"Adv",2.8,3,"0"
"14","2023-2024","108807108","108075584","S",2,"Int","S",2,"Int","S",3,"Adv","S",1,"Beg",2,2," "
"15","2023-2024","108807108","108075568","S",3,"Adv","S",3,"Adv","S",4,"AdH","S",3,"Adv",3.3,3,"1"
"16","2023-2024","108807108","108086687","S",4,"AdH","S",2,"Int","S",3,"Adv","S",1,"Beg",2.5,2,"0"
"17","2023-2024","108807108","108075504","S",4,"AdH","S",3,"Adv","S",4,"AdH","S",3,"Adv",3.5,4,"1"
"18","2023-2024","108807108","108093416","S",2,"Int","S",2,"Int","S",2,"Int","S",1,"Beg",1.8,2,"0"
"19","2023-2024","108807108","108075575","S",4,"AdH","S",2,"Int","S",3,"Adv","S",3,"Adv",3,3,"0"
"20","2023-2024","108807108","108179105","S",2,"Int","S",1,"Beg","S",1,"Beg","S",1,"Beg",1.3,1,"0"
"21","2023-2024","108807108","108060984","S",3,"Adv","S",3,"Adv","S",3,"Adv","S",3,"Adv",3,3,"0"
"22","2023-2024","108807108","108114047","S",4,"AdH","S",3,"Adv","S",4,"AdH","S",2,"Int",3.3,3,"1"
"23","2023-2024","108807108","108075528","S",1,"Beg","S",1,"Beg","S",3,"Adv","S",2,"Int",1.8,2,"0"
"24","2023-2024","108807108","108075555","S",4,"AdH","S",3,"Adv","S",3,"Adv","S",3,"Adv",3.3,3,"1"
"25","2023-2024","108807108","108116774","S",2,"Int","S",2,"Int","S",1,"Beg","S",1,"Beg",1.5,2,"0"
"26","2023-2024","108807108","108075573","S",2,"Int","S",2,"Int","S",2,"Int","S",3,"Adv",2.3,2,"0"
"27","2023-2024","108807108","108089756","S",3,"Adv","S",2,"Int","S",3,"Adv","S",2,"Int",2.5,3,"0"
"28","2023-2024","108807108","108075541","S",2,"Int","S",2,"Int","S",3,"Adv","S",2,"Int",2.3,2,"0"
"29","2023-2024","108807108","108087927","S",3,"Adv","S",2,"Int","S",3,"Adv","S",3,"Adv",2.8,3,"1"
"30","2023-2024","108807108","108179098","S",3,"Adv","S",2,"Int","S",3,"Adv","S",2,"Int",2.5,3,"0"
"31","2023-2024","108807108","108197518","S",2,"Int","S",1,"Beg","S",1,"Beg","S",3,"Adv",1.8,2,"0"
"32","2023-2024","108807108","108075557","S",4,"AdH","S",3,"Adv","S",2,"Int","S",3,"Adv",3,3,"0"
"33","2023-2024","108807108","108075502","S",4,"AdH","S",3,"Adv","S",4,"AdH","S",1,"Beg",3,2,"1"
"34","2023-2024","108807108","108075531","S",4,"AdH","S",3,"Adv","S",4,"AdH","S",2,"Int",3.3,3,"1"
"35","2023-2024","108807108","108075579","S",4,"AdH","S",3,"Adv","S",3,"Adv","S",3,"Adv",3.3,3,"1"
"36","2023-2024","108807108","108075524","S",4,"AdH","S",3,"Adv","S",4,"AdH","S",3,"Adv",3.5,4,"1"
"37","2023-2024","108807108","108075495","S",2,"Int","S",1,"Beg","S",1,"Beg","S",1,"Beg",1.3,1,"0"
"38","2023-2024","108807108","108075522","S",3,"Adv","S",2,"Int","S",3,"Adv","S",2,"Int",2.5,3,"1"
"39","2023-2024","108807108","108101082","S",1,"Beg","S",1,"Beg","S",2,"Int","S",2,"Int",1.5,2,"0"
"40","2023-2024","108807108","108075526","S",4,"AdH","S",3,"Adv","S",4,"AdH","S",3,"Adv",3.5,4,"1"
"41","2023-2024","108807108","108075492","S",1,"Beg","S",2,"Int","S",2,"Int","S",1,"Beg",1.5,2,"0"
"42","2023-2024","108807108","108122576","S",2,"Int","S",1,"Beg","S",2,"Int","S",2,"Int",1.8,2,"0"
"43","2023-2024","108807108","108075345","S",3,"Adv","S",2,"Int","S",3,"Adv","S",1,"Beg",2.3,2,"1"
"44","2023-2024","108807108","108159005","S",4,"AdH","S",4,"AdH","S",4,"AdH","S",2,"Int",3.5,3,"1"
"45","2023-2024","108807108","108150385","S",2,"Int","S",3,"Adv","S",2,"Int","S",2,"Int",2.3,2,"0"
"46","2023-2024","108807108","108186981","S",2,"Int","S",1,"Beg","S",1,"Beg","S",2,"Int",1.5,2,"0"
"47","2023-2024","108807108","108230826","S",4,"AdH","S",3,"Adv","S",3,"Adv","S",2,"Int",3,3," "
"48","2023-2024","108807108","108102962","S",2,"Int","S",2,"Int","S",1,"Beg","S",1,"Beg",1.5,2,"0"
"49","2023-2024","108807108","108075556","S",2,"Int","S",1,"Beg","S",2,"Int","S",1,"Beg",1.5,2,"0"
"50","2023-2024","108807108","108075604","A",1,"Beg","A",1,"Beg","S",3,"Adv","S",3,"Adv",0,0,"0"
"51","2023-2024","108807108","108081577","S",4,"AdH","S",3,"Adv","S",4,"AdH","S",3,"Adv",3.5,4,"1"
"52","2023-2024","108807108","108075545","A",1,"Beg","A",1,"Beg","S",2,"Int","S",1,"Beg",0,0," "
"53","2023-2024","108807108","108089761","S",4,"AdH","S",3,"Adv","S",4,"AdH","S",2,"Int",3.3,3,"1"
"54","2023-2024","108807108","108075533","S",4,"AdH","S",3,"Adv","S",4,"AdH","S",1,"Beg",3,2,"1"
"55","2023-2024","108807108","108075558","S",3,"Adv","S",2,"Int","S",2,"Int","S",1,"Beg",2,2,"0"
"56","2023-2024","108807108","108060990","S",4,"AdH","S",3,"Adv","S",4,"AdH","S",2,"Int",3.3,3,"1"
"57","2023-2024","108807108","108120916","S",3,"Adv","S",2,"Int","S",2,"Int","S",2,"Int",2.3,2,"0"
"58","2023-2024","108807108","108240354","S",1,"Beg","S",1,"Beg","S",1,"Beg","S",1,"Beg",1,1," "
"59","2023-2024","108807108","108075536","S",3,"Adv","S",3,"Adv","S",3,"Adv","S",3,"Adv",3,3,"1"
"60","2023-2024","108807108","108075546","S",4,"AdH","S",2,"Int","S",4,"AdH","S",3,"Adv",3.3,3,"1"
"61","2023-2024","108807015","108243663","S",1,"Beg","S",1,"Beg","S",2,"Int","S",1,"Beg",1.3,1," "
"62","2023-2024","108807017","108205131","S",2,"Int","S",1,"Beg","S",2,"Int","S",1,"Beg",1.5,2,"0"
"63","2023-2024","108807017","108197283","S",1,"Beg","S",1,"Beg","S",1,"Beg","S",1,"Beg",1,1,"0"
"64","2023-2024","108807017","108141812","S",2,"Int","S",3,"Adv","S",3,"Adv","S",1,"Beg",2.3,2,"0"
"65","2023-2024","108807015","108086826","S",4,"AdH","S",3,"Adv","S",3,"Adv","S",2,"Int",3,3,"1"
"66","2023-2024","108807017","108185637","S",2,"Int","S",2,"Int","S",3,"Adv","S",2,"Int",2.3,2,"1"
"67","2023-2024","108807015","108202185","S",1,"Beg","S",1,"Beg","S",2,"Int","S",2,"Int",1.5,2,"0"
"68","2023-2024","108807015","108064886","S",4,"AdH","S",4,"AdH","S",4,"AdH","S",3,"Adv",3.8,4,"1"
"69","2023-2024","108807017","108061808","S",3,"Adv","S",2,"Int","S",3,"Adv","S",2,"Int",2.5,3,"0"
"70","2023-2024","108807015","108238252","S",1,"Beg","S",2,"Int","S",3,"Adv","S",1,"Beg",1.8,2,"0"
"71","2023-2024","108807017","108110324","S",4,"AdH","S",3,"Adv","S",3,"Adv","S",3,"Adv",3.3,3,"0"
"72","2023-2024","108807015","108060247","S",3,"Adv","S",3,"Adv","S",3,"Adv","S",3,"Adv",3,3,"0"
"73","2023-2024","108807017","108064932","S",3,"Adv","S",3,"Adv","S",4,"AdH","S",3,"Adv",3.3,3,"0"
"74","2023-2024","108807017","108088302","S",3,"Adv","S",2,"Int","S",2,"Int","S",3,"Adv",2.5,3,"0"
"75","2023-2024","108807017","108110413","S",4,"AdH","S",3,"Adv","S",4,"AdH","S",2,"Int",3.3,3,"1"
"76","2023-2024","108807017","108199914","S",3,"Adv","S",3,"Adv","S",3,"Adv","S",2,"Int",2.8,3,"0"
"77","2023-2024","108807015","108084774","S",4,"AdH","S",4,"AdH","S",3,"Adv","S",3,"Adv",3.5,4,"1"
"78","2023-2024","108807017","108185628","S",3,"Adv","S",3,"Adv","S",4,"AdH","S",3,"Adv",3.3,3,"0"
"79","2023-2024","108807017","108048867","S",3,"Adv","S",3,"Adv","S",2,"Int","S",2,"Int",2.5,3,"0"
"80","2023-2024","108807017","108073269","S",2,"Int","S",2,"Int","S",2,"Int","S",2,"Int",2,2,"0"
"81","2023-2024","108807015","108074838","S",4,"AdH","S",3,"Adv","S",3,"Adv","S",4,"AdH",3.5,4,"1"
"82","2023-2024","108807015","108056919","S",3,"Adv","S",3,"Adv","S",4,"AdH","S",2,"Int",3,3,"0"
"83","2023-2024","108807017","108230078","S",3,"Adv","S",2,"Int","S",4,"AdH","S",3,"Adv",3,3,"0"
"84","2023-2024","108807015","108234156","S",2,"Int","S",2,"Int","S",3,"Adv","S",3,"Adv",2.5,3,"0"
"85","2023-2024","108807015","108234165","S",1,"Beg","S",1,"Beg","S",2,"Int","S",1,"Beg",1.3,1," "
"86","2023-2024","108807015","108056964","S",3,"Adv","S",3,"Adv","S",3,"Adv","S",2,"Int",2.8,3,"0"
"87","2023-2024","108807015","108074612","S",3,"Adv","S",2,"Int","S",4,"AdH","S",2,"Int",2.8,3,"0"
"88","2023-2024","108807015","108157946","S",2,"Int","S",3,"Adv","S",3,"Adv","S",2,"Int",2.5,3,"0"
"89","2023-2024","108807017","108187991","S",3,"Adv","S",3,"Adv","S",4,"AdH","S",2,"Int",3,3,"0"
"90","2023-2024","108807015","108244797","S",2,"Int","S",2,"Int","S",2,"Int","S",2,"Int",2,2," "
"91","2023-2024","108807015","108056984","S",3,"Adv","S",3,"Adv","S",3,"Adv","S",3,"Adv",3,3,"0"
"92","2023-2024","108807015","108234157","S",1,"Beg","S",2,"Int","S",3,"Adv","S",2,"Int",2,2,"0"
"93","2023-2024","108807087","108229899","S",1,"Beg","S",2,"Int","S",3,"Adv","S",2,"Int",2,2,"0"
"94","2023-2024","108807017","108071434","S",4,"AdH","S",4,"AdH","S",3,"Adv","S",2,"Int",3.3,3,"1"
"95","2023-2024","108807087","108166967","S",2,"Int","S",2,"Int","S",2,"Int","S",3,"Adv",2.3,2,"0"
"96","2023-2024","108807015","108200819","S",4,"AdH","S",3,"Adv","S",4,"AdH","S",3,"Adv",3.5,4,"1"
"97","2023-2024","108807015","108247810","S",3,"Adv","S",2,"Int","S",2,"Int","S",2,"Int",2.3,2,"0"
"98","2023-2024","108807015","108060244","S",2,"Int","S",2,"Int","S",3,"Adv","S",2,"Int",2.3,2,"0"
"99","2023-2024","108807015","108056983","S",3,"Adv","S",3,"Adv","S",3,"Adv","S",3,"Adv",3,3,"0"
"100","2023-2024","108807015","108056960","S",3,"Adv","S",3,"Adv","S",3,"Adv","S",2,"Int",2.8,3,"0"
"101","2023-2024","108807017","108088303","S",2,"Int","S",2,"Int","S",2,"Int","S",1,"Beg",1.8,2,"0"
"102","2023-2024","108807015","108056969","S",4,"AdH","S",4,"AdH","S",4,"AdH","S",3,"Adv",3.8,4,"1"
"103","2023-2024","108807017","108072589","S",4,"AdH","S",3,"Adv","S",4,"AdH","S",2,"Int",3.3,3,"1"
"104","2023-2024","108807015","108056899","S",3,"Adv","S",4,"AdH","S",3,"Adv","S",3,"Adv",3.3,3,"1"
"105","2023-2024","108807017","108072586","S",3,"Adv","S",3,"Adv","S",3,"Adv","S",2,"Int",2.8,3,"0"
"106","2023-2024","108807015","108234164","S",3,"Adv","S",3,"Adv","S",3,"Adv","S",2,"Int",2.8,3," "
"107","2023-2024","108807015","108056999","S",4,"AdH","S",3,"Adv","S",4,"AdH","S",2,"Int",3.3,3,"1"
"108","2023-2024","108807015","108064868","S",4,"AdH","S",3,"Adv","S",4,"AdH","S",1,"Beg",3,2,"1"
"109","2023-2024","108807015","108060062","S",3,"Adv","S",3,"Adv","S",4,"AdH","S",4,"AdH",3.5,4,"1"
"110","2023-2024","108807017","108185651","S",3,"Adv","S",2,"Int","S",4,"AdH","S",1,"Beg",2.5,2,"1"
"111","2023-2024","108807015","108056990","S",4,"AdH","S",3,"Adv","S",4,"AdH","S",4,"AdH",3.8,4,"1"
"112","2023-2024","108807015","108056962","S",3,"Adv","S",3,"Adv","S",3,"Adv","S",3,"Adv",3,3,"0"
"113","2023-2024","108807087","108135595","S",2,"Int","S",1,"Beg","S",3,"Adv","S",2,"Int",2,2,"1"
"114","2023-2024","108807015","108056943","S",3,"Adv","S",4,"AdH","S",3,"Adv","S",3,"Adv",3.3,3,"0"
"115","2023-2024","108807015","108085110","S",2,"Int","S",2,"Int","S",3,"Adv","S",2,"Int",2.3,2,"0"
"116","2023-2024","108807017","108111861","S",3,"Adv","S",3,"Adv","S",3,"Adv","S",3,"Adv",3,3,"1"
"117","2023-2024","108807015","108056994","S",3,"Adv","S",3,"Adv","S",3,"Adv","S",3,"Adv",3,3,"0"
"118","2023-2024","108807017","108110302","S",3,"Adv","S",2,"Int","S",3,"Adv","S",2,"Int",2.5,3,"0"
"119","2023-2024","108807087","108124521","S",3,"Adv","S",3,"Adv","S",4,"AdH","S",2,"Int",3,3,"1"
"120","2023-2024","108807087","108229869","S",2,"Int","S",2,"Int","S",2,"Int","S",3,"Adv",2.3,2,"1"
"121","2023-2024","108807087","108260849","S",3,"Adv","S",2,"Int","S",4,"AdH","S",2,"Int",2.8,3," "
"122","2023-2024","108807087","108090148","S",1,"Beg","S",1,"Beg","S",2,"Int","S",1,"Beg",1.3,1," "
"123","2023-2024","108807087","108178174","S",2,"Int","S",2,"Int","S",2,"Int","S",2,"Int",2,2,"0"
"124","2023-2024","108807087","108090163","S",2,"Int","S",1,"Beg","S",4,"AdH","S",3,"Adv",2.5,2,"1"
"125","2023-2024","108807006","108234169","S",2,"Int","S",2,"Int","S",2,"Int","S",2,"Int",2,2," "
"126","2023-2024","108807017","108256107","S",1,"Beg","S",1,"Beg","S",1,"Beg","S",1,"Beg",1,1," "
"127","2023-2024","108807017","108185650","S",4,"AdH","S",1,"Beg","S",4,"AdH","S",1,"Beg",2.5,2,"1"
"128","2023-2024","108807017","108113989","S",3,"Adv","S",3,"Adv","S",3,"Adv","S",2,"Int",2.8,3,"0"
"129","2023-2024","108807017","108064971","S",4,"AdH","S",3,"Adv","S",4,"AdH","S",3,"Adv",3.5,4,"1"
"130","2023-2024","108807017","108141815","S",4,"AdH","S",2,"Int","S",4,"AdH","S",2,"Int",3,3,"1"
"131","2023-2024","108807017","108205348","S",2,"Int","S",2,"Int","S",2,"Int","S",1,"Beg",1.8,2,"0"
"132","2023-2024","108807017","108071432","S",4,"AdH","S",4,"AdH","S",4,"AdH","S",3,"Adv",3.8,4,"1"
"133","2023-2024","108807017","108185104","S",2,"Int","S",3,"Adv","S",3,"Adv","S",1,"Beg",2.3,2,"0"
"134","2023-2024","108807017","108064972","S",4,"AdH","S",3,"Adv","S",4,"AdH","S",1,"Beg",3,2,"1"
"135","2023-2024","108807017","108072590","S",4,"AdH","S",3,"Adv","S",3,"Adv","S",1,"Beg",2.8,2,"1"
"136","2023-2024","108807017","108185644","S",1,"Beg","S",1,"Beg","S",1,"Beg","S",1,"Beg",1,1,"0"
"137","2023-2024","108807017","108185653","S",2,"Int","S",1,"Beg","S",2,"Int","S",2,"Int",1.8,2," "
"138","2023-2024","108807017","108055100","S",4,"AdH","S",2,"Int","S",4,"AdH","S",2,"Int",3,3,"1"
"139","2023-2024","108807017","108064942","S",4,"AdH","S",3,"Adv","S",4,"AdH","S",2,"Int",3.3,3,"1"
"140","2023-2024","108807017","108082277","S",3,"Adv","S",3,"Adv","S",4,"AdH","S",2,"Int",3,3,"1"
"141","2023-2024","108807017","108064959","S",4,"AdH","S",3,"Adv","S",4,"AdH","S",2,"Int",3.3,3,"1"
"142","2023-2024","108807017","108076656","S",4,"AdH","S",4,"AdH","S",4,"AdH","S",3,"Adv",3.8,4,"1"
"143","2023-2024","108807017","108185500","S",2,"Int","S",2,"Int","S",4,"AdH","S",2,"Int",2.5,2,"0"
"144","2023-2024","108807017","108057665","S",2,"Int","S",3,"Adv","S",3,"Adv","S",2,"Int",2.5,3,"0"
"145","2023-2024","108807017","108100707","S",4,"AdH","S",3,"Adv","S",3,"Adv","S",3,"Adv",3.3,3,"0"
"146","2023-2024","108807017","108073802","S",4,"AdH","S",3,"Adv","S",3,"Adv","S",3,"Adv",3.3,3,"1"
"147","2023-2024","108807015","108183471","S",3,"Adv","S",2,"Int","S",2,"Int","S",3,"Adv",2.5,3,"0"
"148","2023-2024","108807015","108056161","S",3,"Adv","S",2,"Int","S",3,"Adv","S",2,"Int",2.5,3,"0"
"149","2023-2024","108807017","108057073","S",3,"Adv","S",3,"Adv","S",3,"Adv","S",3,"Adv",3,3,"0"
"150","2023-2024","108807015","108057390","S",2,"Int","S",2,"Int","S",3,"Adv","S",2,"Int",2.3,2,"0"
"151","2023-2024","108807087","108239130","S",1,"Beg","S",1,"Beg","S",1,"Beg","S",1,"Beg",1,1,"0"
"152","2023-2024","108807087","108229906","S",1,"Beg","S",1,"Beg","S",2,"Int","S",3,"Adv",1.8,2,"0"
"153","2023-2024","108807015","108202370","S",4,"AdH","S",3,"Adv","S",4,"AdH","S",4,"AdH",3.8,4,"1"
"154","2023-2024","108807017","108216233","S",1,"Beg","S",1,"Beg","S",2,"Int","S",1,"Beg",1.3,1,"0"
"155","2023-2024","108807015","108249230","S",3,"Adv","S",3,"Adv","S",3,"Adv","S",3,"Adv",3,3," "
"156","2023-2024","108807015","108157072","S",2,"Int","S",3,"Adv","S",2,"Int","S",3,"Adv",2.5,3,"0"
"157","2023-2024","108807015","108064844","S",3,"Adv","S",3,"Adv","S",3,"Adv","S",3,"Adv",3,3,"1"
"158","2023-2024","108807015","108056953","S",4,"AdH","S",3,"Adv","S",4,"AdH","S",3,"Adv",3.5,4,"1"
"159","2023-2024","108807017","108064927","S",3,"Adv","S",3,"Adv","S",3,"Adv","S",3,"Adv",3,3,"0"
"160","2023-2024","108807015","108244124","S",1,"Beg","S",1,"Beg","S",2,"Int","S",2,"Int",1.5,2," "
"161","2023-2024","108807015","108056974","S",3,"Adv","S",3,"Adv","S",3,"Adv","S",3,"Adv",3,3,"0"
"162","2023-2024","108807015","108234166","S",1,"Beg","S",1,"Beg","S",2,"Int","S",2,"Int",1.5,2,"0"
"163","2023-2024","108807015","108056113","S",4,"AdH","S",4,"AdH","S",4,"AdH","S",4,"AdH",4,4,"1"
"164","2023-2024","108807015","108056982","S",2,"Int","S",3,"Adv","S",2,"Int","S",3,"Adv",2.5,3,"0"
"165","2023-2024","108807087","108240516","S",1,"Beg","S",1,"Beg","S",2,"Int","S",1,"Beg",1.3,1,"0"
"166","2023-2024","108807087","108229892","S",4,"AdH","S",3,"Adv","S",4,"AdH","S",2,"Int",3.3,3,"1"
"167","2023-2024","108807087","108120960","S",3,"Adv","S",3,"Adv","S",3,"Adv","S",3,"Adv",3,3,"0"
"168","2023-2024","108807015","108057877","S",3,"Adv","S",3,"Adv","S",3,"Adv","S",3,"Adv",3,3,"0"
"169","2023-2024","108807015","108075078","S",4,"AdH","S",3,"Adv","S",4,"AdH","S",3,"Adv",3.5,4,"1"
"170","2023-2024","108807015","108060250","S",4,"AdH","S",3,"Adv","S",4,"AdH","S",3,"Adv",3.5,4,"1"
"171","2023-2024","108807015","108056931","S",3,"Adv","S",4,"AdH","S",3,"Adv","S",2,"Int",3,3,"0"
"172","2023-2024","108807017","108064960","S",3,"Adv","S",2,"Int","S",3,"Adv","S",2,"Int",2.5,3,"1"
"173","2023-2024","108807015","108056912","S",3,"Adv","S",3,"Adv","S",4,"AdH","S",2,"Int",3,3,"1"
"174","2023-2024","108807087","108161870","S",3,"Adv","S",2,"Int","S",4,"AdH","S",1,"Beg",2.5,2,"0"
"175","2023-2024","108807087","108102761","S",4,"AdH","S",3,"Adv","S",4,"AdH","S",3,"Adv",3.5,4,"1"
"176","2023-2024","108807017","108138171","S",2,"Int","S",2,"Int","S",3,"Adv","S",2,"Int",2.3,2,"0"
"177","2023-2024","108807087","108247753","S",1,"Beg","S",1,"Beg","S",1,"Beg","S",1,"Beg",1,1," "
"178","2023-2024","108807087","108178210","S",2,"Int","S",2,"Int","S",3,"Adv","S",1,"Beg",2,2,"0"
"179","2023-2024","108807015","108085701","S",4,"AdH","S",4,"AdH","S",4,"AdH","S",2,"Int",3.5,3,"1"
"180","2023-2024","108807015","108038879","S",3,"Adv","S",3,"Adv","S",2,"Int","S",2,"Int",2.5,3,"1"
"181","2023-2024","108807015","108060238","S",3,"Adv","S",2,"Int","S",2,"Int","S",2,"Int",2.3,2,"0"
"182","2023-2024","108807015","108234160","S",1,"Beg","S",1,"Beg","S",2,"Int","S",2,"Int",1.5,2,"0"
"183","2023-2024","108807087","108229883","S",4,"AdH","S",4,"AdH","S",4,"AdH","S",3,"Adv",3.8,4,"1"
"184","2023-2024","108807087","108100127","S",2,"Int","S",1,"Beg","S",1,"Beg","S",1,"Beg",1.3,1,"0"
"185","2023-2024","108807087","108178269","S",2,"Int","S",3,"Adv","S",3,"Adv","S",1,"Beg",2.3,2,"0"
"186","2023-2024","108807087","108229888","S",3,"Adv","S",3,"Adv","S",4,"AdH","S",1,"Beg",2.8,2,"0"
"187","2023-2024","108807087","108178219","S",4,"AdH","S",2,"Int","S",4,"AdH","S",2,"Int",3,3,"1"
"188","2023-2024","108807087","108229886","S",2,"Int","S",3,"Adv","S",2,"Int","S",2,"Int",2.3,2,"0"
"189","2023-2024","108807015","108199002","S",2,"Int","S",2,"Int","S",2,"Int","S",3,"Adv",2.3,2,"0"
"190","2023-2024","108807015","108056916","S",4,"AdH","S",4,"AdH","S",4,"AdH","S",4,"AdH",4,4,"1"
"191","2023-2024","108807017","108102020","S",3,"Adv","S",2,"Int","S",4,"AdH","S",3,"Adv",3,3,"1"
"192","2023-2024","108807087","108178343","S",2,"Int","S",2,"Int","S",2,"Int","S",2,"Int",2,2,"0"
"193","2023-2024","108807087","108106263","S",2,"Int","S",3,"Adv","S",4,"AdH","S",3,"Adv",3,3,"1"
"194","2023-2024","108807015","108056929","S",4,"AdH","S",4,"AdH","S",4,"AdH","S",4,"AdH",4,4,"1"
"195","2023-2024","108807087","108090166","S",2,"Int","S",1,"Beg","S",2,"Int","S",1,"Beg",1.5,2,"0"
"196","2023-2024","108807087","108135602","S",2,"Int","S",2,"Int","S",4,"AdH","S",2,"Int",2.5,2,"0"
"197","2023-2024","108807087","108124160","S",1,"Beg","S",2,"Int","S",2,"Int","S",2,"Int",1.8,2,"0"
"198","2023-2024","108807017","108201968","S",1,"Beg","S",1,"Beg","S",2,"Int","S",1,"Beg",1.3,1,"0"
"199","2023-2024","108807017","108052201","S",2,"Int","S",3,"Adv","S",2,"Int","S",2,"Int",2.3,2,"1"
"200","2023-2024","108807017","108121355","S",4,"AdH","S",4,"AdH","S",4,"AdH","S",3,"Adv",3.8,4,"1"
"201","2023-2024","108807015","108086268","S",2,"Int","S",2,"Int","S",3,"Adv","S",2,"Int",2.3,2,"0"
"202","2023-2024","108807015","108234158","S",3,"Adv","S",3,"Adv","S",4,"AdH","S",3,"Adv",3.3,3,"1"
"203","2023-2024","108807017","108230057","S",4,"AdH","S",3,"Adv","S",4,"AdH","S",3,"Adv",3.5,4,"1"
"204","2023-2024","108807015","108061876","S",3,"Adv","S",3,"Adv","S",3,"Adv","S",3,"Adv",3,3,"0"
"205","2023-2024","108807015","108056977","S",3,"Adv","S",3,"Adv","S",4,"AdH","S",3,"Adv",3.3,3,"0"
"206","2023-2024","108807017","108123185","S",1,"Beg","S",1,"Beg","S",2,"Int","S",1,"Beg",1.3,1,"0"
"207","2023-2024","108807015","108105983","S",2,"Int","S",3,"Adv","S",3,"Adv","S",2,"Int",2.5,3,"0"
"208","2023-2024","108807087","108221667","S",3,"Adv","S",3,"Adv","S",3,"Adv","S",3,"Adv",3,3," "
"209","2023-2024","108807087","108229904","S",4,"AdH","S",4,"AdH","S",3,"Adv","S",3,"Adv",3.5,4,"1"
"210","2023-2024","108807087","108091439","S",4,"AdH","S",3,"Adv","S",4,"AdH","S",2,"Int",3.3,3,"1"
"211","2023-2024","108807087","108199916","S",2,"Int","S",2,"Int","S",3,"Adv","S",2,"Int",2.3,2,"1"
"212","2023-2024","108807087","108109337","S",2,"Int","S",2,"Int","S",2,"Int","S",2,"Int",2,2,"0"
"213","2023-2024","108807087","108100497","S",2,"Int","S",2,"Int","S",2,"Int","S",2,"Int",2,2,"0"
"214","2023-2024","108807087","108229889","S",4,"AdH","S",3,"Adv","S",4,"AdH","S",3,"Adv",3.5,4,"1"
"215","2023-2024","108807015","108234170","S",4,"AdH","S",4,"AdH","S",4,"AdH","S",4,"AdH",4,4,"1"
"216","2023-2024","108807015","108234167","S",1,"Beg","S",2,"Int","S",3,"Adv","S",2,"Int",2,2,"1"
"217","2023-2024","108807015","108056947","S",4,"AdH","S",3,"Adv","S",3,"Adv","S",2,"Int",3,3,"0"
"218","2023-2024","108807015","108056895","S",4,"AdH","S",3,"Adv","S",3,"Adv","S",2,"Int",3,3,"0"
"219","2023-2024","108807015","108056907","S",2,"Int","S",3,"Adv","S",3,"Adv","S",4,"AdH",3,3,"1"
"220","2023-2024","108807015","108234171","S",4,"AdH","S",4,"AdH","S",4,"AdH","S",3,"Adv",3.8,4,"1"
"221","2023-2024","108807015","108057045","S",2,"Int","S",3,"Adv","S",4,"AdH","S",2,"Int",2.8,3,"1"
"222","2023-2024","108807087","108226377","S",2,"Int","S",2,"Int","S",4,"AdH","S",3,"Adv",2.8,3,"1"
"223","2023-2024","108807087","108112804","S",3,"Adv","S",3,"Adv","S",3,"Adv","S",2,"Int",2.8,3,"0"
"224","2023-2024","108807087","108178275","S",2,"Int","S",2,"Int","S",3,"Adv","S",2,"Int",2.3,2,"1"
"225","2023-2024","108807015","108056911","S",4,"AdH","S",4,"AdH","S",4,"AdH","S",3,"Adv",3.8,4,"1"
"226","2023-2024","108807087","108090140","S",3,"Adv","S",2,"Int","S",3,"Adv","S",2,"Int",2.5,3,"1"
"227","2023-2024","108807087","108229894","S",3,"Adv","S",2,"Int","S",3,"Adv","S",1,"Beg",2.3,2,"0"
"228","2023-2024","108807015","108056985","S",3,"Adv","S",3,"Adv","S",3,"Adv","S",3,"Adv",3,3,"0"
"229","2023-2024","108807015","108056948","S",3,"Adv","S",2,"Int","S",4,"AdH","S",2,"Int",2.8,3,"0"
"230","2023-2024","108807017","108230064","S",4,"AdH","S",3,"Adv","S",3,"Adv","S",2,"Int",3,3,"0"
"231","2023-2024","108807017","108074747","S",3,"Adv","S",3,"Adv","S",3,"Adv","S",2,"Int",2.8,3,"0"
"232","2023-2024","108807015","108183467","S",3,"Adv","S",3,"Adv","S",3,"Adv","S",3,"Adv",3,3,"0"
"233","2023-2024","108807017","108064963","S",4,"AdH","S",3,"Adv","S",4,"AdH","S",2,"Int",3.3,3,"1"
"234","2023-2024","108807015","108056976","S",4,"AdH","S",4,"AdH","S",4,"AdH","S",3,"Adv",3.8,4,"1"
"235","2023-2024","108807015","108056920","S",4,"AdH","S",3,"Adv","S",4,"AdH","S",3,"Adv",3.5,4,"1"
"236","2023-2024","108807015","108137522","S",3,"Adv","S",3,"Adv","S",4,"AdH","S",2,"Int",3,3,"0"
"237","2023-2024","108807017","108147123","S",4,"AdH","S",3,"Adv","S",4,"AdH","S",2,"Int",3.3,3,"1"
"238","2023-2024","108807087","108101739","S",1,"Beg","S",2,"Int","S",2,"Int","S",1,"Beg",1.5,2,"0"
"239","2023-2024","108807087","108135570","S",4,"AdH","S",2,"Int","S",4,"AdH","S",2,"Int",3,3,"1"
"240","2023-2024","108807087","108100366","S",3,"Adv","S",2,"Int","S",3,"Adv","S",2,"Int",2.5,3,"0"
"241","2023-2024","108807017","108064954","S",4,"AdH","S",3,"Adv","S",4,"AdH","S",2,"Int",3.3,3,"1"
"242","2023-2024","108807087","108155162","S",2,"Int","S",2,"Int","S",3,"Adv","S",1,"Beg",2,2,"0"
"243","2023-2024","108807087","108247691","S",2,"Int","S",1,"Beg","B",0,NA,"B",0,NA,0,0," "
"244","2023-2024","108807087","108178179","S",3,"Adv","S",3,"Adv","S",3,"Adv","S",2,"Int",2.8,3,"0"
"245","2023-2024","108807087","108229866","S",4,"AdH","S",3,"Adv","S",4,"AdH","S",2,"Int",3.3,3,"1"
"246","2023-2024","108807087","108135572","S",4,"AdH","S",3,"Adv","S",4,"AdH","S",2,"Int",3.3,3,"1"
"247","2023-2024","108807015","108056970","S",4,"AdH","S",2,"Int","S",4,"AdH","S",3,"Adv",3.3,3,"1"
"248","2023-2024","108807017","108061857","S",1,"Beg","S",1,"Beg","B",0,NA,"B",0,NA,0,0," "
"249","2023-2024","108807017","108064950","S",3,"Adv","S",2,"Int","S",3,"Adv","S",2,"Int",2.5,3,"1"
"250","2023-2024","108807009","108048971","S",2,"Int","S",2,"Int","S",2,"Int","S",1,"Beg",1.8,2,"0"
"251","2023-2024","108807009","108095926","S",2,"Int","S",2,"Int","S",3,"Adv","S",1,"Beg",2,2,"0"
"252","2023-2024","108807009","108158493","S",2,"Int","S",2,"Int","S",2,"Int","S",2,"Int",2,2,"0"
"253","2023-2024","108807009","108113347","S",4,"AdH","S",2,"Int","S",4,"AdH","S",2,"Int",3,3,"1"
"254","2023-2024","108807009","108093339","S",3,"Adv","S",2,"Int","S",3,"Adv","S",3,"Adv",2.8,3,"1"
"255","2023-2024","108807009","108194735","S",3,"Adv","S",2,"Int","S",3,"Adv","S",2,"Int",2.5,3,"0"
"256","2023-2024","108807009","108055207","S",3,"Adv","S",2,"Int","S",3,"Adv","S",2,"Int",2.5,3," "
"257","2023-2024","108807009","108119942","S",2,"Int","S",2,"Int","S",3,"Adv","S",3,"Adv",2.5,3,"0"
"258","2023-2024","108807009","108052776","S",3,"Adv","S",2,"Int","S",3,"Adv","S",2,"Int",2.5,3,"1"
"259","2023-2024","108807009","108049868","S",4,"AdH","S",3,"Adv","S",4,"AdH","S",1,"Beg",3,2,"1"
"260","2023-2024","108807009","108149174","S",2,"Int","S",2,"Int","S",3,"Adv","S",2,"Int",2.3,2,"0"
"261","2023-2024","108807009","108232191","S",3,"Adv","S",2,"Int","S",3,"Adv","S",1,"Beg",2.3,2,"1"
"262","2023-2024","108807009","108082084","S",3,"Adv","S",2,"Int","S",3,"Adv","S",2,"Int",2.5,3,"0"
"263","2023-2024","108807009","108138876","S",2,"Int","S",1,"Beg","S",2,"Int","S",1,"Beg",1.5,2,"0"
"264","2023-2024","108807004","108196783","S",4,"AdH","S",4,"AdH","S",4,"AdH","S",3,"Adv",3.8,4,"1"
"265","2023-2024","108807008","108232423","S",3,"Adv","S",2,"Int","S",3,"Adv","S",3,"Adv",2.8,3,"0"
"266","2023-2024","108807088","108259928","S",4,"AdH","S",2,"Int","S",4,"AdH","S",4,"AdH",3.5,3,"1"
"267","2023-2024","108807014","108137632","S",2,"Int","S",2,"Int","S",4,"AdH","S",1,"Beg",2.3,2,"0"
"268","2023-2024","108807014","108185735","S",2,"Int","S",1,"Beg","S",2,"Int","S",2,"Int",1.8,2,"0"
"269","2023-2024","108807014","108201863","S",3,"Adv","S",1,"Beg","S",3,"Adv","S",1,"Beg",2,2,"0"
"270","2023-2024","108807014","108057962","S",4,"AdH","S",3,"Adv","S",4,"AdH","S",4,"AdH",3.8,4,"1"
"271","2023-2024","108807014","108081290","S",3,"Adv","S",3,"Adv","S",3,"Adv","S",2,"Int",2.8,3,"0"
"272","2023-2024","108807014","108062896","S",2,"Int","S",2,"Int","S",3,"Adv","S",2,"Int",2.3,2,"0"
"273","2023-2024","108807014","108074619","S",2,"Int","S",1,"Beg","S",2,"Int","S",1,"Beg",1.5,2,"0"
"274","2023-2024","108807014","108050983","S",3,"Adv","S",2,"Int","S",3,"Adv","S",2,"Int",2.5,3,"0"
"275","2023-2024","108807014","108053149","S",2,"Int","S",2,"Int","S",3,"Adv","S",2,"Int",2.3,2,"0"
"276","2023-2024","108807014","108100627","S",2,"Int","S",2,"Int","S",3,"Adv","S",3,"Adv",2.5,3,"0"
"277","2023-2024","108807014","108146604","S",1,"Beg","S",1,"Beg","S",2,"Int","S",2,"Int",1.5,2,"0"
"278","2023-2024","108807014","108039456","S",3,"Adv","S",2,"Int","S",3,"Adv","S",1,"Beg",2.3,2,"0"
"279","2023-2024","108807014","108209952","S",3,"Adv","S",3,"Adv","S",4,"AdH","S",1,"Beg",2.8,2,"1"
"280","2023-2024","108807014","108053188","S",4,"AdH","S",3,"Adv","S",4,"AdH","S",2,"Int",3.3,3,"1"
"281","2023-2024","108807009","108074381","S",4,"AdH","S",2,"Int","S",2,"Int","S",1,"Beg",2.3,2,"0"
"282","2023-2024","108807014","108126448","S",1,"Beg","S",2,"Int","S",2,"Int","S",3,"Adv",2,2,"0"
"283","2023-2024","108807014","108039548","S",3,"Adv","S",3,"Adv","S",3,"Adv","S",3,"Adv",3,3,"0"
"284","2023-2024","108807014","108060362","S",4,"AdH","S",2,"Int","S",3,"Adv","S",2,"Int",2.8,3," "
"285","2023-2024","108807014","108243035","S",2,"Int","S",2,"Int","S",2,"Int","S",1,"Beg",1.8,2," "
"286","2023-2024","108807014","108089448","S",2,"Int","S",2,"Int","S",2,"Int","S",3,"Adv",2.3,2,"0"
"287","2023-2024","108807014","108050778","S",4,"AdH","S",3,"Adv","S",4,"AdH","S",4,"AdH",3.8,4,"1"
"288","2023-2024","108807014","108051290","S",4,"AdH","S",2,"Int","S",4,"AdH","S",3,"Adv",3.3,3,"1"
"289","2023-2024","108807014","108185725","S",3,"Adv","S",2,"Int","S",3,"Adv","S",2,"Int",2.5,3,"0"
"290","2023-2024","108807014","108152931","S",4,"AdH","S",2,"Int","S",3,"Adv","S",2,"Int",2.8,3,"0"
"291","2023-2024","108807014","108051030","S",2,"Int","S",2,"Int","S",2,"Int","S",2,"Int",2,2,"0"
"292","2023-2024","108807014","108085928","S",2,"Int","S",2,"Int","S",2,"Int","S",3,"Adv",2.3,2,"0"
"293","2023-2024","108807014","108246236","S",3,"Adv","S",2,"Int","S",2,"Int","S",2,"Int",2.3,2," "
"294","2023-2024","108807014","108039443","S",3,"Adv","S",3,"Adv","S",3,"Adv","S",3,"Adv",3,3,"1"
"295","2023-2024","108807014","108052008","S",2,"Int","S",1,"Beg","S",2,"Int","S",2,"Int",1.8,2,"0"
"296","2023-2024","108807014","108244798","S",1,"Beg","S",1,"Beg","S",2,"Int","S",1,"Beg",1.3,1," "
"297","2023-2024","108807014","108185732","S",2,"Int","S",1,"Beg","S",2,"Int","S",2,"Int",1.8,2,"0"
"298","2023-2024","108807014","108137631","S",4,"AdH","S",2,"Int","S",4,"AdH","S",3,"Adv",3.3,3,"1"
"299","2023-2024","108807014","108086329","S",2,"Int","S",1,"Beg","S",3,"Adv","S",3,"Adv",2.3,2,"0"
"300","2023-2024","108807014","108198273","S",3,"Adv","S",2,"Int","S",3,"Adv","S",2,"Int",2.5,3,"0"
"301","2023-2024","108807014","108052090","S",4,"AdH","S",3,"Adv","S",4,"AdH","S",3,"Adv",3.5,4,"1"
"302","2023-2024","108807014","108038319","S",4,"AdH","S",3,"Adv","S",4,"AdH","S",3,"Adv",3.5,4,"1"
"303","2023-2024","108807014","108070210","S",4,"AdH","S",4,"AdH","S",4,"AdH","S",3,"Adv",3.8,4,"1"
"304","2023-2024","108807014","108051681","S",2,"Int","S",2,"Int","S",4,"AdH","S",3,"Adv",2.8,3,"0"
"305","2023-2024","108807014","108052199","S",3,"Adv","S",3,"Adv","S",3,"Adv","S",3,"Adv",3,3,"0"
"306","2023-2024","108807014","108049158","S",4,"AdH","S",4,"AdH","S",4,"AdH","S",4,"AdH",4,4,"1"
"307","2023-2024","108807014","108052513","S",3,"Adv","S",2,"Int","S",4,"AdH","S",3,"Adv",3,3,"0"
"308","2023-2024","108807014","108040613","S",4,"AdH","S",3,"Adv","S",4,"AdH","S",4,"AdH",3.8,4,"1"
"309","2023-2024","108807014","108137643","S",2,"Int","S",1,"Beg","S",2,"Int","S",1,"Beg",1.5,2,"0"
"310","2023-2024","108807014","108194873","S",3,"Adv","S",2,"Int","S",2,"Int","S",3,"Adv",2.5,3,"0"
"311","2023-2024","108807014","108050777","S",4,"AdH","S",4,"AdH","S",4,"AdH","S",2,"Int",3.5,3,"1"
"312","2023-2024","108807014","108161649","S",2,"Int","S",2,"Int","S",4,"AdH","S",3,"Adv",2.8,3,"1"
"313","2023-2024","108807014","108053625","S",4,"AdH","S",3,"Adv","S",4,"AdH","S",4,"AdH",3.8,4,"1"
"314","2023-2024","108807014","108146603","S",4,"AdH","S",3,"Adv","S",3,"Adv","S",3,"Adv",3.3,3,"1"
"315","2023-2024","108807014","108038777","S",4,"AdH","S",4,"AdH","S",4,"AdH","S",3,"Adv",3.8,4,"1"
"316","2023-2024","108807014","108053020","S",4,"AdH","S",4,"AdH","S",4,"AdH","S",3,"Adv",3.8,4,"1"
"317","2023-2024","108807014","108242778","S",3,"Adv","S",1,"Beg","S",4,"AdH","S",2,"Int",2.5,2," "
"318","2023-2024","108807014","108039449","S",4,"AdH","S",4,"AdH","S",4,"AdH","S",2,"Int",3.5,3,"1"
"319","2023-2024","108807014","108048505","S",3,"Adv","S",3,"Adv","S",4,"AdH","S",3,"Adv",3.3,3,"0"
"320","2023-2024","108807014","108040616","S",4,"AdH","S",3,"Adv","S",4,"AdH","S",3,"Adv",3.5,4,"1"
"321","2023-2024","108807014","108051071","S",4,"AdH","S",4,"AdH","S",4,"AdH","S",4,"AdH",4,4,"1"
"322","2023-2024","108807009","108106222","S",4,"AdH","S",2,"Int","S",3,"Adv","S",3,"Adv",3,3,"1"
"323","2023-2024","108807009","108137071","S",3,"Adv","S",2,"Int","S",3,"Adv","S",2,"Int",2.5,3,"0"
"324","2023-2024","108807009","108078712","S",3,"Adv","S",2,"Int","S",3,"Adv","S",3,"Adv",2.8,3,"1"
"325","2023-2024","108807009","108047373","S",2,"Int","S",1,"Beg","S",2,"Int","S",3,"Adv",2,2,"1"
"326","2023-2024","108807009","108179381","S",4,"AdH","S",2,"Int","S",4,"AdH","S",1,"Beg",2.8,2,"1"
"327","2023-2024","108807009","108232202","S",3,"Adv","S",2,"Int","S",3,"Adv","S",2,"Int",2.5,3,"1"
"328","2023-2024","108807009","108137062","S",4,"AdH","S",2,"Int","S",4,"AdH","S",2,"Int",3,3,"1"
"329","2023-2024","108807009","108065303","S",4,"AdH","S",2,"Int","S",4,"AdH","S",2,"Int",3,3,"1"
"330","2023-2024","108807009","108063965","S",3,"Adv","S",2,"Int","S",4,"AdH","S",1,"Beg",2.5,2,"1"
"331","2023-2024","108807009","108232204","S",3,"Adv","S",3,"Adv","S",4,"AdH","S",1,"Beg",2.8,2,"0"
"332","2023-2024","108807009","108244032","S",4,"AdH","S",2,"Int","S",4,"AdH","S",2,"Int",3,3,"1"
"333","2023-2024","108807009","108049161","S",3,"Adv","S",2,"Int","S",4,"AdH","S",2,"Int",2.8,3,"1"
"334","2023-2024","108807009","108095996","S",4,"AdH","S",2,"Int","S",4,"AdH","S",2,"Int",3,3,"1"
"335","2023-2024","108807009","108049860","S",4,"AdH","S",2,"Int","S",4,"AdH","S",2,"Int",3,3,"1"
"336","2023-2024","108807009","108137063","S",3,"Adv","S",2,"Int","S",4,"AdH","S",1,"Beg",2.5,2,"1"
"337","2023-2024","108807009","108154870","S",4,"AdH","S",3,"Adv","S",3,"Adv","S",2,"Int",3,3,"0"
"338","2023-2024","108807014","108053187","S",3,"Adv","S",1,"Beg","S",4,"AdH","S",3,"Adv",2.8,2,"1"
"339","2023-2024","108807014","108201865","S",1,"Beg","S",2,"Int","S",3,"Adv","S",3,"Adv",2.3,2,"0"
"340","2023-2024","108807014","108051040","S",2,"Int","S",2,"Int","S",2,"Int","S",1,"Beg",1.8,2,"0"
"341","2023-2024","108807014","108185734","S",2,"Int","S",2,"Int","S",2,"Int","S",2,"Int",2,2,"1"
"342","2023-2024","108807014","108072787","S",4,"AdH","S",4,"AdH","S",4,"AdH","S",4,"AdH",4,4,"1"
"343","2023-2024","108807014","108078932","S",2,"Int","S",3,"Adv","S",3,"Adv","S",3,"Adv",2.8,3,"0"
"344","2023-2024","108807011","108236887","S",3,"Adv","S",2,"Int","S",2,"Int","S",1,"Beg",2,2," "
"345","2023-2024","108807014","108084865","S",4,"AdH","S",3,"Adv","S",4,"AdH","S",4,"AdH",3.8,4,"1"
"346","2023-2024","108807011","108183845","S",3,"Adv","S",1,"Beg","S",3,"Adv","S",1,"Beg",2,2,"1"
"347","2023-2024","108807014","108052152","S",4,"AdH","S",3,"Adv","S",4,"AdH","S",3,"Adv",3.5,4,"1"
"348","2023-2024","108807014","108187418","S",2,"Int","S",1,"Beg","S",2,"Int","S",2,"Int",1.8,2,"1"
"349","2023-2024","108807009","108179388","S",2,"Int","S",2,"Int","S",3,"Adv","S",2,"Int",2.3,2,"0"
"350","2023-2024","108807009","108039438","S",3,"Adv","S",3,"Adv","S",3,"Adv","S",3,"Adv",3,3,"1"
"351","2023-2024","108807009","108200611","S",4,"AdH","S",2,"Int","S",4,"AdH","S",3,"Adv",3.3,3,"1"
"352","2023-2024","108807014","108137630","S",3,"Adv","S",2,"Int","S",2,"Int","S",1,"Beg",2,2,"0"
"353","2023-2024","108807009","108150541","S",4,"AdH","S",3,"Adv","S",4,"AdH","S",2,"Int",3.3,3,"1"
"354","2023-2024","108807009","108053019","S",3,"Adv","S",2,"Int","S",3,"Adv","S",2,"Int",2.5,3,"1"
"355","2023-2024","108807009","108240649","S",4,"AdH","S",3,"Adv","S",4,"AdH","S",1,"Beg",3,2,"1"
"356","2023-2024","108807009","108048943","S",4,"AdH","S",2,"Int","S",3,"Adv","S",2,"Int",2.8,3,"1"
"357","2023-2024","108807009","108110521","S",4,"AdH","S",3,"Adv","S",3,"Adv","S",3,"Adv",3.3,3,"0"
"358","2023-2024","108807009","108042455","S",3,"Adv","S",3,"Adv","S",3,"Adv","S",2,"Int",2.8,3,"0"
"359","2023-2024","108807009","108053555","S",4,"AdH","S",4,"AdH","S",3,"Adv","S",3,"Adv",3.5,4,"1"
"360","2023-2024","108807011","108042942","S",3,"Adv","S",2,"Int","S",4,"AdH","S",1,"Beg",2.5,2,"0"
"361","2023-2024","108807011","108042940","S",4,"AdH","S",3,"Adv","S",4,"AdH","S",3,"Adv",3.5,4,"1"
"362","2023-2024","108807011","108162027","S",4,"AdH","S",3,"Adv","S",4,"AdH","S",3,"Adv",3.5,4,"1"
"363","2023-2024","108807011","108042875","S",4,"AdH","S",3,"Adv","S",3,"Adv","S",3,"Adv",3.3,3,"1"
"364","2023-2024","108807011","108240602","S",4,"AdH","S",4,"AdH","S",4,"AdH","S",2,"Int",3.5,3,"1"
"365","2023-2024","108807011","108138209","S",3,"Adv","S",3,"Adv","S",3,"Adv","S",3,"Adv",3,3,"1"
"366","2023-2024","108807011","108116263","S",4,"AdH","S",4,"AdH","S",4,"AdH","S",3,"Adv",3.8,4,"1"
"367","2023-2024","108807011","108188445","S",3,"Adv","S",2,"Int","S",3,"Adv","S",1,"Beg",2.3,2,"0"
"368","2023-2024","108807011","108138030","S",4,"AdH","S",3,"Adv","S",4,"AdH","S",3,"Adv",3.5,4,"1"
"369","2023-2024","108807011","108183805","S",2,"Int","S",2,"Int","S",2,"Int","S",2,"Int",2,2,"0"
"370","2023-2024","108807011","108058917","S",4,"AdH","S",2,"Int","S",4,"AdH","S",1,"Beg",2.8,2,"1"
"371","2023-2024","108807011","108043408","S",2,"Int","S",2,"Int","S",3,"Adv","S",2,"Int",2.3,2,"0"
"372","2023-2024","108807011","108161940","S",1,"Beg","S",1,"Beg","S",1,"Beg","S",1,"Beg",1,1,"0"
"373","2023-2024","108807011","108253827","S",1,"Beg","S",1,"Beg","S",1,"Beg","S",1,"Beg",1,1," "
"374","2023-2024","108807011","108043644","S",4,"AdH","S",3,"Adv","S",3,"Adv","S",2,"Int",3,3,"0"
"375","2023-2024","108807011","108158704","S",4,"AdH","S",3,"Adv","S",3,"Adv","S",3,"Adv",3.3,3,"0"
"376","2023-2024","108807011","108056317","S",4,"AdH","S",3,"Adv","S",3,"Adv","S",3,"Adv",3.3,3,"1"
"377","2023-2024","108807011","108123840","S",4,"AdH","S",2,"Int","S",3,"Adv","S",3,"Adv",3,3,"0"
"378","2023-2024","108807011","108089749","S",4,"AdH","S",3,"Adv","S",4,"AdH","S",3,"Adv",3.5,4,"1"
"379","2023-2024","108807011","108164695","S",3,"Adv","S",2,"Int","S",3,"Adv","S",3,"Adv",2.8,3,"0"
"380","2023-2024","108807011","108188708","S",2,"Int","S",1,"Beg","S",1,"Beg","S",1,"Beg",1.3,1,"0"
"381","2023-2024","108807011","108183840","S",2,"Int","S",2,"Int","S",3,"Adv","S",2,"Int",2.3,2,"0"
"382","2023-2024","108807011","108162028","S",2,"Int","S",1,"Beg","S",3,"Adv","S",1,"Beg",1.8,2,"0"
"383","2023-2024","108807014","108052555","S",4,"AdH","S",3,"Adv","S",4,"AdH","S",4,"AdH",3.8,4,"1"
"384","2023-2024","108807011","108042847","S",4,"AdH","S",2,"Int","S",3,"Adv","S",1,"Beg",2.5,2,"0"
"385","2023-2024","108807011","108183847","S",3,"Adv","S",3,"Adv","S",3,"Adv","S",2,"Int",2.8,3,"1"
"386","2023-2024","108807011","108104955","S",2,"Int","S",2,"Int","S",3,"Adv","S",3,"Adv",2.5,3,"1"
"387","2023-2024","108807011","108183799","S",2,"Int","S",2,"Int","S",2,"Int","S",1,"Beg",1.8,2,"0"
"388","2023-2024","108807011","108183808","S",2,"Int","S",1,"Beg","S",2,"Int","S",1,"Beg",1.5,2,"0"
"389","2023-2024","108807011","108188444","S",4,"AdH","S",3,"Adv","S",3,"Adv","S",2,"Int",3,3,"0"
"390","2023-2024","108807011","108042870","S",2,"Int","S",2,"Int","S",2,"Int","S",1,"Beg",1.8,2,"0"
"391","2023-2024","108807011","108183837","S",3,"Adv","S",2,"Int","S",4,"AdH","S",2,"Int",2.8,3,"1"
"392","2023-2024","108807011","108105028","S",4,"AdH","S",3,"Adv","S",4,"AdH","S",3,"Adv",3.5,4,"1"
"393","2023-2024","108807011","108057154","S",2,"Int","S",2,"Int","S",4,"AdH","S",3,"Adv",2.8,3,"0"
"394","2023-2024","108807011","108183822","S",4,"AdH","S",3,"Adv","S",4,"AdH","S",1,"Beg",3,2,"1"
"395","2023-2024","108807011","108240605","S",2,"Int","S",1,"Beg","S",2,"Int","S",1,"Beg",1.5,2," "
"396","2023-2024","108807011","108042867","S",4,"AdH","S",3,"Adv","S",3,"Adv","S",3,"Adv",3.3,3,"0"
"397","2023-2024","108807011","108047080","S",4,"AdH","S",4,"AdH","S",3,"Adv","S",2,"Int",3.3,3,"1"
"398","2023-2024","108807011","108109741","S",3,"Adv","S",3,"Adv","S",3,"Adv","S",3,"Adv",3,3,"1"
"399","2023-2024","108807011","108109733","S",4,"AdH","S",3,"Adv","S",4,"AdH","S",3,"Adv",3.5,4,"1"
"400","2023-2024","108807011","108042860","S",4,"AdH","S",1,"Beg","S",4,"AdH","S",2,"Int",2.8,2,"1"
"401","2023-2024","108807011","108110699","S",4,"AdH","S",3,"Adv","S",4,"AdH","S",3,"Adv",3.5,4,"1"
"402","2023-2024","108807011","108049951","S",2,"Int","S",1,"Beg","S",2,"Int","S",1,"Beg",1.5,2,"0"
"403","2023-2024","108807011","108060112","S",2,"Int","S",1,"Beg","S",2,"Int","S",2,"Int",1.8,2," "
"404","2023-2024","108807011","108122468","S",2,"Int","S",2,"Int","S",2,"Int","S",2,"Int",2,2,"0"
"405","2023-2024","108807011","108044077","S",4,"AdH","S",3,"Adv","S",4,"AdH","S",3,"Adv",3.5,4,"1"
"406","2023-2024","108807011","108042899","S",4,"AdH","S",3,"Adv","S",3,"Adv","S",3,"Adv",3.3,3,"0"
"407","2023-2024","108807011","108042879","S",4,"AdH","S",2,"Int","S",3,"Adv","S",3,"Adv",3,3,"1"
"408","2023-2024","108807011","108109692","S",2,"Int","S",2,"Int","S",2,"Int","S",2,"Int",2,2,"0"
"409","2023-2024","108807011","108244629","S",2,"Int","S",2,"Int","S",2,"Int","S",2,"Int",2,2," "
"410","2023-2024","108807011","108239830","S",4,"AdH","S",2,"Int","S",3,"Adv","S",3,"Adv",3,3," "
"411","2023-2024","108807011","108042916","S",4,"AdH","S",3,"Adv","S",4,"AdH","S",3,"Adv",3.5,4,"1"
"412","2023-2024","108807011","108042909","S",4,"AdH","S",3,"Adv","S",3,"Adv","S",3,"Adv",3.3,3,"1"
"413","2023-2024","108807011","108042835","S",4,"AdH","S",4,"AdH","S",4,"AdH","S",2,"Int",3.5,3,"1"
"414","2023-2024","108807011","108043099","S",4,"AdH","S",4,"AdH","S",3,"Adv","S",4,"AdH",3.8,4,"1"
"415","2023-2024","108807011","108183841","S",4,"AdH","S",2,"Int","S",4,"AdH","S",2,"Int",3,3,"1"
"416","2023-2024","108807011","108043368","S",4,"AdH","S",3,"Adv","S",4,"AdH","S",3,"Adv",3.5,4,"1"
"417","2023-2024","108807011","108042886","S",3,"Adv","S",3,"Adv","S",3,"Adv","S",3,"Adv",3,3,"0"
"418","2023-2024","108807011","108233638","S",2,"Int","S",1,"Beg","S",1,"Beg","S",3,"Adv",1.8,2," "
"419","2023-2024","108807011","108165592","S",4,"AdH","S",3,"Adv","S",4,"AdH","S",3,"Adv",3.5,4,"1"
"420","2023-2024","108807011","108161569","S",4,"AdH","S",3,"Adv","S",4,"AdH","S",3,"Adv",3.5,4,"1"
"421","2023-2024","108807011","108088014","S",4,"AdH","S",3,"Adv","S",4,"AdH","S",2,"Int",3.3,3,"1"
"422","2023-2024","108807011","108042894","S",4,"AdH","S",3,"Adv","S",4,"AdH","S",3,"Adv",3.5,4,"1"
"423","2023-2024","108807011","108183827","S",4,"AdH","S",3,"Adv","S",4,"AdH","S",3,"Adv",3.5,4,"1"
"424","2023-2024","108807009","108053300","S",4,"AdH","S",3,"Adv","S",4,"AdH","S",2,"Int",3.3,3,"1"
"425","2023-2024","108807014","108244722","S",2,"Int","S",2,"Int","S",2,"Int","S",4,"AdH",2.5,2," "
"426","2023-2024","108807014","108137636","S",3,"Adv","S",3,"Adv","S",4,"AdH","S",4,"AdH",3.5,4,"1"
"427","2023-2024","108807011","108171667","S",2,"Int","S",2,"Int","S",2,"Int","S",1,"Beg",1.8,2,"0"
"428","2023-2024","108807014","108048604","S",4,"AdH","S",3,"Adv","S",4,"AdH","S",3,"Adv",3.5,4,"1"
"429","2023-2024","108807011","108044011","S",4,"AdH","S",3,"Adv","S",4,"AdH","S",3,"Adv",3.5,4,"1"
"430","2023-2024","108807096","108057968","S",2,"Int","S",2,"Int","S",3,"Adv","S",2,"Int",2.3,2,"0"
"431","2023-2024","108807009","108050566","S",4,"AdH","S",3,"Adv","S",4,"AdH","S",2,"Int",3.3,3,"1"
"432","2023-2024","108807011","108042882","S",4,"AdH","S",3,"Adv","S",4,"AdH","S",2,"Int",3.3,3,"1"
"433","2023-2024","108807009","108048514","S",2,"Int","S",2,"Int","S",2,"Int","S",1,"Beg",1.8,2,"0"
"434","2023-2024","108807009","108137072","S",3,"Adv","S",2,"Int","S",4,"AdH","S",3,"Adv",3,3,"0"
"435","2023-2024","108807009","108193639","S",4,"AdH","S",2,"Int","S",3,"Adv","S",2,"Int",2.8,3,"0"
"436","2023-2024","108807014","108040588","S",4,"AdH","S",3,"Adv","S",4,"AdH","S",4,"AdH",3.8,4,"1"
"437","2023-2024","108807014","108040189","S",3,"Adv","S",3,"Adv","S",4,"AdH","S",3,"Adv",3.3,3,"1"
"438","2023-2024","108807014","108085929","S",4,"AdH","S",4,"AdH","S",4,"AdH","S",4,"AdH",4,4,"1"
"439","2023-2024","108807014","108234051","S",3,"Adv","S",2,"Int","S",3,"Adv","S",4,"AdH",3,3," "
"440","2023-2024","108807011","108042878","S",4,"AdH","S",2,"Int","S",3,"Adv","S",3,"Adv",3,3,"1"
"441","2023-2024","108807011","108039775","S",3,"Adv","S",2,"Int","S",3,"Adv","S",3,"Adv",2.8,3,"0"
"442","2023-2024","108807011","108153490","S",4,"AdH","S",2,"Int","S",3,"Adv","S",1,"Beg",2.5,2,"1"
"443","2023-2024","108807014","108051315","S",3,"Adv","S",3,"Adv","S",4,"AdH","S",3,"Adv",3.3,3,"0"
"444","2023-2024","108807014","108051990","S",3,"Adv","S",2,"Int","S",4,"AdH","S",2,"Int",2.8,3,"0"
"445","2023-2024","108807014","108038467","S",4,"AdH","S",4,"AdH","S",4,"AdH","S",4,"AdH",4,4,"1"
"446","2023-2024","108807014","108050039","S",4,"AdH","S",3,"Adv","S",4,"AdH","S",4,"AdH",3.8,4,"1"
"447","2023-2024","108807014","108234059","S",1,"Beg","S",1,"Beg","S",2,"Int","S",1,"Beg",1.3,1," "
"448","2023-2024","108807014","108251988","S",4,"AdH","S",3,"Adv","S",3,"Adv","S",1,"Beg",2.8,2," "
"449","2023-2024","108807011","108206127","S",1,"Beg","S",1,"Beg","S",2,"Int","S",1,"Beg",1.3,1,"0"
"450","2023-2024","108807009","108179369","S",3,"Adv","S",1,"Beg","S",2,"Int","S",1,"Beg",1.8,2,"0"
"451","2023-2024","108807011","108045776","S",4,"AdH","S",3,"Adv","S",4,"AdH","S",4,"AdH",3.8,4,"1"
"452","2023-2024","108807011","108101540","S",3,"Adv","S",2,"Int","S",3,"Adv","S",2,"Int",2.5,3,"0"
"453","2023-2024","108807014","108052222","S",3,"Adv","S",3,"Adv","S",4,"AdH","S",2,"Int",3,3,"0"
"454","2023-2024","108807009","108075040","S",4,"AdH","S",2,"Int","S",4,"AdH","S",1,"Beg",2.8,2,"1"
"455","2023-2024","108807011","108188392","S",2,"Int","S",1,"Beg","S",2,"Int","S",1,"Beg",1.5,2,"0"
"456","2023-2024","108807011","108156085","S",3,"Adv","S",3,"Adv","S",3,"Adv","S",2,"Int",2.8,3,"0"
"457","2023-2024","108807014","108053614","S",3,"Adv","S",3,"Adv","S",3,"Adv","S",3,"Adv",3,3,"1"
"458","2023-2024","108807014","108053461","S",4,"AdH","S",3,"Adv","S",4,"AdH","S",3,"Adv",3.5,4,"1"
"459","2023-2024","108807088","108112710","S",2,"Int","S",2,"Int","S",2,"Int","S",3,"Adv",2.3,2,"0"
"460","2023-2024","108807088","108096448","S",2,"Int","S",2,"Int","S",3,"Adv","S",3,"Adv",2.5,3,"1"
"461","2023-2024","108807088","108091363","S",2,"Int","S",2,"Int","S",3,"Adv","S",3,"Adv",2.5,3,"0"
"462","2023-2024","108807088","108088369","S",2,"Int","S",2,"Int","S",3,"Adv","S",3,"Adv",2.5,3,"0"
"463","2023-2024","108807088","108234263","S",2,"Int","S",3,"Adv","S",2,"Int","S",3,"Adv",2.5,3,"1"
"464","2023-2024","108807088","108091373","S",2,"Int","S",3,"Adv","S",2,"Int","S",3,"Adv",2.5,3,"0"
"465","2023-2024","108807088","108248751","S",2,"Int","S",2,"Int","S",2,"Int","S",1,"Beg",1.8,2," "
"466","2023-2024","108807088","108091347","S",3,"Adv","S",4,"AdH","S",3,"Adv","S",3,"Adv",3.3,3,"1"
"467","2023-2024","108807005","108032452","S",2,"Int","S",2,"Int","S",2,"Int","S",3,"Adv",2.3,2,"0"
"468","2023-2024","108807005","108049524","S",4,"AdH","S",4,"AdH","S",4,"AdH","S",4,"AdH",4,4,"1"
"469","2023-2024","108807005","108006960","S",2,"Int","S",2,"Int","S",1,"Beg","S",1,"Beg",1.5,2,"0"
"470","2023-2024","108807005","108039214","S",2,"Int","S",1,"Beg","S",2,"Int","S",1,"Beg",1.5,2,"0"
"471","2023-2024","108807005","108058651","S",2,"Int","S",2,"Int","S",2,"Int","S",3,"Adv",2.3,2,"0"
"472","2023-2024","108807005","108074367","S",4,"AdH","S",3,"Adv","S",4,"AdH","S",3,"Adv",3.5,4,"1"
"473","2023-2024","108807088","108069431","S",2,"Int","S",1,"Beg","S",1,"Beg","S",1,"Beg",1.3,1,"0"
"474","2023-2024","108807088","108121031","S",2,"Int","S",2,"Int","S",4,"AdH","S",2,"Int",2.5,2,"1"
"475","2023-2024","108807088","108096313","S",2,"Int","S",2,"Int","S",3,"Adv","S",1,"Beg",2,2,"0"
"476","2023-2024","108807088","108091356","S",2,"Int","S",2,"Int","S",3,"Adv","S",1,"Beg",2,2,"0"
"477","2023-2024","108807088","108096409","S",4,"AdH","S",4,"AdH","S",4,"AdH","S",2,"Int",3.5,3,"1"
"478","2023-2024","108807005","108025449","S",4,"AdH","S",3,"Adv","S",4,"AdH","S",3,"Adv",3.5,4,"1"
"479","2023-2024","108807088","108032713","S",4,"AdH","S",2,"Int","S",4,"AdH","S",3,"Adv",3.3,3,"1"
"480","2023-2024","108807005","108025345","S",2,"Int","S",3,"Adv","S",2,"Int","S",1,"Beg",2,2,"0"
"481","2023-2024","108807088","108096349","S",3,"Adv","S",4,"AdH","S",3,"Adv","S",3,"Adv",3.3,3,"1"
"482","2023-2024","108807088","108096301","S",4,"AdH","S",3,"Adv","S",4,"AdH","S",3,"Adv",3.5,4,"1"
"483","2023-2024","108807088","108145907","S",2,"Int","S",1,"Beg","S",2,"Int","S",1,"Beg",1.5,2,"0"
"484","2023-2024","108807088","108097224","S",4,"AdH","S",4,"AdH","S",4,"AdH","S",4,"AdH",4,4,"1"
"485","2023-2024","108807088","108096402","S",4,"AdH","S",3,"Adv","S",4,"AdH","S",4,"AdH",3.8,4,"1"
"486","2023-2024","108807088","108096334","S",3,"Adv","S",4,"AdH","S",4,"AdH","S",2,"Int",3.3,3,"1"
"487","2023-2024","108807088","108091365","S",2,"Int","S",3,"Adv","S",4,"AdH","S",2,"Int",2.8,3,"1"
"488","2023-2024","108807088","108096355","S",4,"AdH","S",4,"AdH","S",4,"AdH","S",2,"Int",3.5,3,"1"
"489","2023-2024","108807088","108096329","S",2,"Int","S",3,"Adv","S",4,"AdH","S",4,"AdH",3.3,3,"1"
"490","2023-2024","108807088","108096302","S",3,"Adv","S",4,"AdH","S",4,"AdH","S",4,"AdH",3.8,4,"1"
"491","2023-2024","108807088","108035025","S",4,"AdH","S",4,"AdH","S",4,"AdH","S",3,"Adv",3.8,4,"1"
"492","2023-2024","108807088","108096393","S",4,"AdH","S",4,"AdH","S",4,"AdH","S",4,"AdH",4,4,"1"
"493","2023-2024","108807088","108096297","S",4,"AdH","S",4,"AdH","S",4,"AdH","S",3,"Adv",3.8,4,"1"
"494","2023-2024","108807005","108025419","S",3,"Adv","S",2,"Int","S",2,"Int","S",3,"Adv",2.5,3,"0"
"495","2023-2024","108807005","108082912","S",4,"AdH","S",3,"Adv","S",4,"AdH","S",4,"AdH",3.8,4,"1"
"496","2023-2024","108807005","108082904","S",4,"AdH","S",4,"AdH","S",4,"AdH","S",4,"AdH",4,4,"1"
"497","2023-2024","108807005","108025349","S",4,"AdH","S",4,"AdH","S",3,"Adv","S",4,"AdH",3.8,4,"1"
"498","2023-2024","108807005","108123355","S",2,"Int","S",4,"AdH","S",3,"Adv","S",3,"Adv",3,3,"0"
"499","2023-2024","108807005","108040435","S",4,"AdH","S",4,"AdH","S",3,"Adv","S",3,"Adv",3.5,4,"1"
"500","2023-2024","108807005","108040255","S",4,"AdH","S",4,"AdH","S",4,"AdH","S",3,"Adv",3.8,4,"1"
"501","2023-2024","108807005","108025405","S",4,"AdH","S",3,"Adv","S",4,"AdH","S",3,"Adv",3.5,4,"1"
"502","2023-2024","108807088","108210547","S",2,"Int","S",2,"Int","S",4,"AdH","S",3,"Adv",2.8,3,"1"
"503","2023-2024","108807011","108239008","S",3,"Adv","S",2,"Int","S",3,"Adv","S",3,"Adv",2.8,3," "
"504","2023-2024","108807011","108233651","S",4,"AdH","S",3,"Adv","S",4,"AdH","S",3,"Adv",3.5,4,"1"
"505","2023-2024","108807011","108240603","S",2,"Int","S",1,"Beg","S",2,"Int","S",2,"Int",1.8,2," "
"506","2023-2024","108807011","108238389","S",4,"AdH","S",4,"AdH","S",4,"AdH","S",2,"Int",3.5,3,"1"
"507","2023-2024","108807011","108237649","S",3,"Adv","S",3,"Adv","S",3,"Adv","S",3,"Adv",3,3," "
"508","2023-2024","108807011","108235952","S",1,"Beg","S",1,"Beg","S",3,"Adv","S",2,"Int",1.8,2,"0"
"509","2023-2024","108807011","108234457","S",1,"Beg","S",1,"Beg","S",2,"Int","S",2,"Int",1.5,2,"0"
"510","2023-2024","108807011","108233648","S",1,"Beg","S",1,"Beg","S",1,"Beg","S",1,"Beg",1,1,"0"
"511","2023-2024","108807011","108233643","S",1,"Beg","S",2,"Int","S",2,"Int","S",1,"Beg",1.5,2," "
"512","2023-2024","108807011","108233654","S",3,"Adv","S",4,"AdH","S",3,"Adv","S",2,"Int",3,3," "
"513","2023-2024","108807011","108233642","S",3,"Adv","S",1,"Beg","S",2,"Int","S",3,"Adv",2.3,2," "
"514","2023-2024","108807011","108191810","S",3,"Adv","S",4,"AdH","S",3,"Adv","S",2,"Int",3,3,"0"
"515","2023-2024","108807011","108251509","S",2,"Int","S",1,"Beg","S",1,"Beg","S",1,"Beg",1.3,1," "
"516","2023-2024","108807011","108233647","S",3,"Adv","S",2,"Int","S",4,"AdH","S",2,"Int",2.8,3,"0"
"517","2023-2024","108807011","108233644","S",4,"AdH","S",4,"AdH","S",4,"AdH","S",3,"Adv",3.8,4,"1"
"518","2023-2024","108807011","108233645","S",3,"Adv","S",4,"AdH","S",3,"Adv","S",3,"Adv",3.3,3," "
"519","2023-2024","108807011","108191707","S",3,"Adv","S",4,"AdH","S",3,"Adv","S",2,"Int",3,3,"0"
"520","2023-2024","108807005","108024604","S",4,"AdH","S",4,"AdH","S",3,"Adv","S",4,"AdH",3.8,4,"1"
"521","2023-2024","108807011","108035556","S",4,"AdH","S",4,"AdH","S",4,"AdH","S",1,"Beg",3.3,2,"1"
"522","2023-2024","108807088","108145911","S",3,"Adv","S",2,"Int","S",3,"Adv","S",4,"AdH",3,3,"0"
"523","2023-2024","108807088","108091367","S",3,"Adv","S",2,"Int","S",4,"AdH","S",1,"Beg",2.5,2,"0"
"524","2023-2024","108807005","108082903","S",2,"Int","S",2,"Int","S",2,"Int","S",1,"Beg",1.8,2,"0"
"525","2023-2024","108807088","108098943","S",2,"Int","S",2,"Int","S",2,"Int","S",1,"Beg",1.8,2,"0"
"526","2023-2024","108807088","108091344","S",4,"AdH","S",4,"AdH","S",4,"AdH","S",4,"AdH",4,4,"1"
"527","2023-2024","108807088","108096312","S",4,"AdH","S",4,"AdH","S",3,"Adv","S",3,"Adv",3.5,4,"1"
"528","2023-2024","108807005","108025375","S",3,"Adv","S",3,"Adv","S",3,"Adv","S",4,"AdH",3.3,3,"0"
"529","2023-2024","108807011","108078871","S",4,"AdH","S",4,"AdH","S",4,"AdH","S",4,"AdH",4,4,"1"
"530","2023-2024","108807088","108182501","S",2,"Int","S",3,"Adv","S",2,"Int","S",3,"Adv",2.5,3,"1"
"531","2023-2024","108807088","108243417","S",1,"Beg","S",1,"Beg","S",1,"Beg","S",1,"Beg",1,1,"0"
"532","2023-2024","108807011","108035258","S",4,"AdH","S",4,"AdH","S",3,"Adv","S",3,"Adv",3.5,4,"1"
"533","2023-2024","108807088","108185402","S",2,"Int","S",1,"Beg","S",3,"Adv","S",1,"Beg",1.8,2,"0"
"534","2023-2024","108807005","108043957","S",4,"AdH","S",4,"AdH","S",3,"Adv","S",1,"Beg",3,2,"1"
"535","2023-2024","108807088","108201647","S",1,"Beg","S",1,"Beg","S",1,"Beg","S",1,"Beg",1,1,"0"
"536","2023-2024","108807005","108154232","S",4,"AdH","S",4,"AdH","S",4,"AdH","S",4,"AdH",4,4,"1"
